Year,Song Count,Film,Song,Composer,Note
2015,1,Enakkul Oruvan,Poo Avizhum Pozhudhil,Santhosh Narayanan,Best Lyrics Writer - 2nd Behindwoods Gold Medals 2015
2015,2,Enakkul Oruvan,Yaar En Manama,Santhosh Narayanan,
,,,,,
2015,3,36 Vayadhinile,Vaadi Raasathi,,Best Lyricist of the year - Mirchi Music Awards South 2015
2015,4,36 Vayadhinile,Pogiren,,
2015,5,36 Vayadhinile,Happy,,
,,,,,
2015,6,Indru Netru Naalai,Kadhale Kadhale,Hiphop Tamizha,
,,,,,
2015,7,Mathura Naranga,Kan Kangalil,Sreejith Saachin,
2015,8,Mathura Naranga,Neer Alaigalil,Sreejith Saachin,
2015,9,Mathura Naranga,Eee Kootil (Nee Vaanam),Sreejith Saachin,
,,,,,
2016,10,Irudhi Suttru,Hey Sandakaara,Santhosh Narayanan,
2016,11,Irudhi Suttru,Vaangaji Warning,Santhosh Narayanan,
2016,12,Irudhi Suttru,Usuru Narambula,Santhosh Narayanan,
2016,13,Irudhi Suttru,Kaalathi Miratti,Santhosh Narayanan,
2016,14,Irudhi Suttru,Poda Poda,Santhosh Narayanan,
, ,,,,
2016,15,Iraivi,Ghost Bottle,,
2016,16,Iraivi,Kalavara Kangal,,
2016,17,Iraivi,Manidhi,,
2016,18,Iraivi,Kaatril,,
2016,19,Iraivi,Thodaamal,,
, ,,,,
2016,20,144,Kenatha Kaanam,Sean Roldan,
2016,21,144,Aagaa,Sean Roldan,
, ,,,,
2016,22,Aranmanai 2,Maya Maya,Hiphop Tamizha,
, ,,,,
2016,23,Jil Jung Juk,Shoot The Kuruvi,Vishal Chandrasekhar,
2016,24,Jil Jung Juk,Cassenova,Vishal Chandrasekhar,
2016,25,Jil Jung Juk,Domaru Lord,Vishal Chandrasekhar,
2016,26,Jil Jung Juk,Milano Kedi,Vishal Chandrasekhar,
, ,,,,
2016,27,Unakkul Naan,Athiran Nadaiyil,Tony Britto,
2016,28,Ka Ka Ka,Aabathin Arikuri: Sila Sil Sila,Amrith,
2016,29,Oru Naal Koothu,Adiye Azhagu,Justin Prabhakaran,
2016,30,Maalai Nerathu Mayakkam,Ennodu Irupuram,Amrith,
, ,,,,
2016,31,Manithan,Azhagazhaga,Santhosh Narayanan,
2016,32,Manithan,Poi Vazhva,Santhosh Narayanan,
2016,33,Manithan,Kaaychal,Santhosh Narayanan,
, ,,,,
2016,34,Pokkiri Raja,Athuvitta Athuvitta,D. Imman,
2016,35,Pokkiri Raja,Bubbly Bubbly,D. Imman,
2016,36,Pokkiri Raja,Rain Rain,D. Imman,
2016,37,Pokkiri Raja,Athuvitta Remix,D. Imman,
, ,,,,
2016,38,Kabali,Thalaivar Athiradi Rap,Santhosh Narayanan,
2016,39,Merku Thodarchi Malai,Merku Mak,Illayaraja,
, ,,,,
2016,40,Kadhalum Kadandhu Pogum,Paravai Paranduchu,Santhosh Narayanan,
2016,41,Kadhalum Kadandhu Pogum,Bongu Kitchan,Santhosh Narayanan,
, ,,,,
2016,42,Sei,Machaney,Nithin Lopez,
2016,43,Dhuruvangal Pathinaaru,Uthira Kaayangal,Jakes Bejoy,
2016,44,Meow,Oru Cute Littile Ponnu,Sreejith Edarana,
2016,45,Ulkuthu,Pesayum Esaya,Justin Prabhakaran,
2016,46,Remo,Meesa Beauty,Anirudh Ravichander,
, ,,,,
2016,47,Aandavan Kattalai,Polambing,K,
2016,48,Aandavan Kattalai,Imsai Raani,K,
2016,49,Aandavan Kattalai,Vaazhkai Oru Ottagam,K,
, ,,,,
2016,50,Kodi,Ei Suzhali,Santhosh Narayanan,
2016,51,Kodi,Sirukki Vaasam,Santhosh Narayanan,
2016,52,Kodi,Vettu Pottu,Santhosh Narayanan,
2016,53,Kodi,Ariraro,Santhosh Narayanan,
, ,,,,
2016,54,Rum,Peiyophobilia,Anirudh Ravichander,
2016,55,Rum,Kadavulae Vidai,Anirudh Ravichander,
2016,56,Rum,Kadavulae Vidai (Reprise),Anirudh Ravichander,
2016,57,Rum,Pori Pathi Vizhum,Anirudh Ravichander,
2016,58,Rum,Alladhe Siragiye,Anirudh Ravichander,
, ,,,,
2017,59,Sathriyan,Sooda Oru Sooriyan,Yuvan Shankar Raja,
, ,,,,
2017,60,Ivan Thanthiran,Ivan Ivan thanthiran,Thaman S,
2017,61,Ivan Thanthiran,Medhakavitta Medhakavitta,Thaman S,
, ,,,,
2017,62,Mersal,Aalaporaan Thamizhan,A. R. Rahman,Best Lyricist - 7th South Indian International Movie Awards 2018
2017,63,Mersal,Neethanae,A. R. Rahman,
2017,64,Mersal,Mersal Arasan,A. R. Rahman,
2017,65,Mersal,Maacho,A. R. Rahman,
2017,66,Mersal,Maayon,A. R. Rahman,
x, ,,,,
2017,67,Velaikkaran,Vaa Velikkara,Anirudh Ravichander,
 , ,,,,
2017,68,Meyaadha Maan,Thangachi Song,Santhosh Narayanan,
2017,69,Meyaadha Maan,Address Song,Santhosh Narayanan,
2017,70,Meyaadha Maan,Rathina Katti,Santhosh Narayanan,
2017,71,Meyaadha Maan,Megamo Aval,Santhosh Narayanan,
, ,,,,
2017,72,Theeran Adhigaaram Ondru,Theeran Da,Ghibran,
, ,,,,
2018,73,Sketch,Cheeni Chillaallee,Thaman S,
2018,74,Sketch,Dhaadikaara,Thaman S,
, ,,,,
2018,75,Bhaagamathie,Mandhaara,,
, ,,,,
2018,76,Sarkar,Simtaangaran,A. R. Rahman,
2018,77,Sarkar,Oruviral Puratchi,A. R. Rahman,
2018,78,Sarkar,OMG Ponnu,A. R. Rahman,
2018,79,Sarkar,CEO In The House,A. R. Rahman,
2018,80,Sarkar,TopTucker,A. R. Rahman,
, ,,,,
2018,81,Irumbu Thirai,Azhagae,Yuvan Shankar Raja,
2018,82,Irumbu Thirai,Athiradi,Yuvan Shankar Raja,
2018,83,Irumbu Thirai,Mudhal Mazhai,Yuvan Shankar Raja,
, ,,,,
2018,84,Kolamavu Kokila,Edhuvaraiyo,Anirudh Ravichander,
2018,85,Pyaar Prema Kaadhal,Hold Me Now,Yuvan Shankar Raja,
2018,86,60 Vayadu Maaniram,Naalum Naalum,Ilaiyaraaja,
, ,,,,
2018,87,Pariyerum Perumal,Karuppi,Santhosh Narayanan,
2018,88,Pariyerum Perumal,Potta Kaatil Poovasam,Santhosh Narayanan,
2018,89,Pariyerum Perumal,Vaa Rayil Vida Polaama,Santhosh Narayanan,
, ,,,,
2018,90,Kaali,Arumbey Arumbey,Vijay Antony,
, ,,,,
2018,91,Vada Chennai,Ennadi Maayavi Nee,Santhosh Narayanan,
2018,92,Vada Chennai,Kaarkuzhal Kadavaiye,Santhosh Narayanan,
, ,,,,
2019,93,Petta,Marana Mass,Anirudh Ravichander,
2019,94,Petta,Ullaallaa,Anirudh Ravichander,
2019,95,Petta,Petta Paraak,Anirudh Ravichander,
, ,,,,
2019,96,Dev,Dai Machan Dev,Harris Jayaraj,
, ,,,,
2019,97,Boomerang,Mughaiyazhi,Radhan,
2019,98,Boomerang,Desame,Radhan,
2019,99,Boomerang,Mughaiyazhi (Instrumental Version),Radhan,
, ,,,,
2019,100,Devarattam,Pasampukalli,Nivas K. Prasanna,
2019,101,Devarattam,Lesa Lesa,Nivas K. Prasanna,
, ,,,,
2019,102,Oththa Seruppu Size 7,Kulirudha Pulla,Santhosh Narayanan,
2019,103,Jackpot,Shero Shero,Vishal Chandrasekhar,
2019,104,Ayogya,Kanne Kanne,Sam C.S.,
2019,105,Sindhubaadh,Nenja Unakaga,Yuvan Shankar Raja,
, ,,,,
2019,106,Bigil,Singappenney,A. R. Rahman,Best Lyrics Writer - South Indian International Movie Awards 2021
2019,107,Bigil,Verithanam,A. R. Rahman,
2019,108,Bigil,Unakaga,A. R. Rahman,
2019,109,Bigil,Maathare,A. R. Rahman,
2019,110,Bigil,Kaalame,A. R. Rahman,
2019,111,Bigil,Idhurkuthaan,A. R. Rahman,
, ,,,,
2019,112,Frozen 2 (Tamil),Vaadai Serum,Robert Lopez Kristen Anderson-Lopez,
2019,113,Frozen 2 (Tamil),Siladhu,Robert Lopez Kristen Anderson-Lopez,
2019,114,Frozen 2 (Tamil),Izhukkum Maayoll,Robert Lopez Kristen Anderson-Lopez,
2019,115,Frozen 2 (Tamil),Nadu Kattukkul Naan,Robert Lopez Kristen Anderson-Lopez,
2019,116,Frozen 2 (Tamil),Thondru Nee,Robert Lopez Kristen Anderson-Lopez,
2019,117,Frozen 2 (Tamil),Naatkal Oda,Robert Lopez Kristen Anderson-Lopez,
2019,118,Frozen 2 (Tamil),Seiven Sariyanathai,Robert Lopez Kristen Anderson-Lopez,
, ,,,,
2019,119,Adithya Varma,Yaarumillaa,Radhan,
2019,120,Thambi,Thalattu Naal,Govind Vasantha,
, ,,,,
2020,121,Darbar,Chumma Kizhi,Anirudh Ravichander,
2020,122,Darbar,Tharam Maara Single,Anirudh Ravichander,
2020,123,Darbar,Dumm Dumm,Anirudh Ravichander,
, ,,,,
2020,124,Pattas,Morattu Tamizhan,Vivek-Mervin,
2020,125,Pattas,Jigidi Killadi,Vivek-Mervin,
, ,,,,
2020,126,Soorarai Pottru,Veyyon Silli,G.V. Prakash Kumar,
,  ,,,,
2020,127,Ponmagal Vandhal,Vaa Chellam,Govind Vasantha,
2020,128,Ponmagal Vandhal,Pookalin Porvai,Govind Vasantha,
, ,,,,
2020,129,Penguin,Kolame,Santhosh Narayanan,
2020,130,Penguin,Omale (Malayalam),Santhosh Narayanan,
, ,,,,
2020,131,Jagame Thandhiram,Rakita Rakita Rakita,,
2020,132,Jagame Thandhiram,Bujji,,
2020,133,Jagame Thandhiram,Aala Ola,,
, ,,,,
2020,134,99 Songs,Oor Aayiram Vaanavil,A. R. Rahman,
2020,135,99 Songs,Naalai Naalai,A. R. Rahman,
, ,,,,
2020,136,Vasantha Mullai,Avalo Avalo,Rajesh Murugesan,
2020,137,Sabhaapathy,Mayakkathe Maya Kanna,Sam C.S.,
, ,,,,
2021,138,Annabelle Sethupathi,Anange,Krishna Kishore,
2021,139,Annabelle Sethupathi,Anange(Reprise),Krishna Kishore,
, ,,,,
2021,140,Oh Manapenne!,Bodhai Kaname,Vishal Chandrashekhar,
2021,141,Enemy,Tum Tum,Thaman S,
2021,142,Galatta Kalyanam,Sooraavali Ponnu,A. R. Rahman,
2021,143,Anbarivu,Arakkiyae,Hiphop Tamizha,
, ,,,,
2022,144,Naai Sekar,Lol Lol Arasan,Ajesh,
, ,,,,
2022,145,Maaran,Polladha Ulagam,G.V. Prakash Kumar,Also Screenplay writer
2022,146,Maaran,Annana Thaalaattum,G.V. Prakash Kumar,
, ,,,,
2022,147,Mahaan,Evanda Enakku Custody,Santhosh Narayanan,
2022,148,Mahaan,Missing Me,Santhosh Narayanan,
2022,149,Mahaan,Naan Naan,Santhosh Narayanan,
2022,150,Mahaan,Umm Song,Santhosh Narayanan,
, ,,,,
2022,151,Veeramae Vaagai Soodum,Thithikkirathe Kangal,Yuvan Shankar Raja,
2022,152,Beast,Beast Mode,Anirudh Ravichander,
2022,153,Ranga,Mathapoo,Ramjeevan,
2022,154,Ayngaran,Thithipa,G. Vignesh,
, ,,,,
2022,155,Andhagan,En Kadhal,Santhosh Narayanan,
2022,156,Andhagan,Yosichi Yosichi,Santhosh Narayanan,
, ,,,,
2022,157,Don,Unnai Vidaadhe,Anirudh Ravichander,
2022,158,Don,Mudhal Naayagan,Anirudh Ravichander,
, ,,,,
2022,159,Bestie,Unnai Pola,J. V.,
2022,160,Anel Meley Pani Thuli,Mittai Mittai,Santhosh Narayanan,
2022,161,Paper Rocket,Kaalai Maalai,Dharan Kumar,
2022,162,Gulu Gulu,Anbarey,Santhosh Narayanan,
2022,163,Thiruchitrambalam,Life of Pazham,Anirudh Ravichander,
2022,164,Paramporul,Sippara Rippara,Yuvan Shankar Raja,
2022,165,Cobra,Thumbi Thullal,A. R. Rahman,
2022,166,Prince,Bimbiliki Pilaapi,Thaman S,
2022,167,Singappenney,Ezhundhu Vaa,Kumaran Sivamani,
2022,168,Naane Varuvean,Yaarum Illa,Yuvan Shankar Raja,
2022,169,Naai Sekar Returns,Panakkaran,Santhosh Narayanan,
2022,170,Gatta Kusthi,Chal Chakka,Justin Prabhakaran,
2022,171,Sanda Veerachi,Medha Medhappa,Yuvan Shankar Raja,Best Lyricist - 14th Ananda Vikatan Cinema Awards 2022
, ,,,,
2022,172,Varisu,Ranjithame,Thaman S,"Also Dialogues, Additional Screenplay"
2022,173,Varisu,Thee Thalapathy,Thaman S,
2022,174,Varisu,Soul Of Varisu,Thaman S,
2022,175,Varisu,Jimikki Ponnu,Thaman S,
2022,176,Varisu,Vaa Thalaivaa,Thaman S,
, ,,,,
2023,177,Kick,Pathu Murai,Arjun Janya,
, ,,,,
2023,178,Dasara,Dhoom Dhaam Dhosthu,Santhosh Narayanan,
2023,179,Dasara,Theekari,Santhosh Narayanan,
, ,,,,
2023,180,Theerkadarishi,Miss You,G. Balasubramanian,
2023,181,Agilan,Dhrogam,Sam CS,
, ,,,,
2023,182,Pathu Thala,Namma Satham,A. R. Rahman,
2023,183,Pathu Thala,Nee Singamdhan,A. R. Rahman,
, ,,,,
2023,184,Veeran,Thunderkaaran,Hiphop Tamizha,
2023,185,Regina,Naam Ulaavum Oadai,Sathish Nair,
, ,,,,
2023,186,Jawan (Tamil),Vandha Edam,Anirudh Ravichander,
2023,187,Jawan (Tamil),Hayyoda,Anirudh Ravichander,
2023,188,Jawan (Tamil),Not Ramaiya Vastavaiya,Anirudh Ravichander,
2023,189,Jawan (Tamil),Aararaari Raaro,Anirudh Ravichander,
2023,190,Jawan (Tamil),Pattasa,Anirudh Ravichander,
, ,,,,
2023,191,Iraivan,Azhagai,Yuvan Shankar Raja,
2023,192,Iraivan,Idhu Pola,Yuvan Shankar Raja,
2023,193,Iraivan,Shades of Love,Yuvan Shankar Raja,
2023,194,Iraivan,Nanbha,Yuvan Shankar Raja,
2023,195,Iraivan,Fear Beat,Yuvan Shankar Raja,
, ,,,,
2023,196,Chithha,Unakku Thaan,Santhosh Narayanan,
2023,197,Chandramukhi 2,Moruniye,M. M. Keeravani,
, ,,,,
2023,198,Miss Shetty Mr Polishetty (Tamil),No No No,Radhan,
2023,199,Miss Shetty Mr Polishetty (Tamil),Lady Luck,Radhan,
2023,200,Miss Shetty Mr Polishetty (Tamil),Aaradho,Radhan,
2023,201,Miss Shetty Mr Polishetty (Tamil),Yaadho Dhisai,Radhan,
, ,,,,
2023,202,Jigarthanda DoubleX,Maamadura,Santhosh Narayanan,
2023,203,Jigarthanda DoubleX,Oyyaram,Santhosh Narayanan,
, ,,,,
2023,204,Annapoorani: The Goddess of Food,Ulagai Vella Pogiraal,Thaman S,
2023,205,Annapoorani: The Goddess of Food,Life Is On (Version 1 - Veg),Thaman S,
2023,206,Annapoorani: The Goddess of Food,Life Is On (Version 2 - Non-Veg),Thaman S,
2023,207,Annapoorani: The Goddess of Food,Ivalo Ivalo,Thaman S,
2023,208,Annapoorani: The Goddess of Food,Aduppil Pogai Aagum,Thaman S,
, ,,,,
2023,209,Lal Salaam,Ther Thiruvizha,A. R. Rahman,
, ,,,,
2023,210,Saindhav (Tamil),Vennaa Penne,Santhosh Narayanan,
2023,211,Saindhav (Tamil),Poraname,Santhosh Narayanan,
, ,,,,
2023,212,Hi Nanna (Tamil),Amizhdhe Nee,Hesham Abdul Wahab,
2023,213,Hi Nanna (Tamil),Odiyamma,Hesham Abdul Wahab,
2023,214,Hi Nanna (Tamil),Nee Maaya Nizhal,Hesham Abdul Wahab,
2023,215,Hi Nanna (Tamil),Vaazhvin Doorame,Hesham Abdul Wahab,
, ,,,,
2024,216,Captain Miller,Kombari Vettapuli,G.V. Prakash Kumar,
, ,,,,
2024,217,Ayalaan,Vera Level Sago,A. R. Rahman,
2024,218,Ayalaan,Ayalaa Ayalaa,A. R. Rahman,
, ,,,,
2024,219,Joshua,Imai Pol Kaakha: Tappasu Neram,Karthik,
2024,220,Ranam Aram Thavarel,Achu Pennae,Arroll Corelli,
, ,,,,
2024,221,The Family star (Tamil),Nandanadana,Gopi Sundar,
2024,222,The Family star (Tamil),Kalyaanam Satham Satham,Gopi Sundar,
, ,,,,
2024,223,J Baby,Idha Thane Ethir Paathen,Santhosh Narayanan,
2024,224,J Baby,Yaar Padalai,Santhosh Narayanan,
2024,225,J Baby,Idha Thane (Reprise),Santhosh Narayanan,
, ,,,,
2024,226,Kalki 2898 AD (Tamil),Bhairava Anthem,Santhosh Narayanan,
2024,227,Kalki 2898 AD (Tamil),Theme of Kalki,Santhosh Narayanan,
2024,228,Kalki 2898 AD (Tamil),Hope of Shambala,Santhosh Narayanan,
2024,229,Kalki 2898 AD (Tamil),Ta Takkara (Complex Song),Santhosh Narayanan,
2024,230,Kalki 2898 AD (Tamil),Keshava Madhava (Wait of Ashwatthama),Santhosh Narayanan,
, ,,,,
2024,231,EMI,Poonaikku,Srinath Pitchai,
2024,232,Vaazhai,Otha Satti Soru,Santhosh Narayanan,
2024,233,The Greatest of All Time,Matta,Yuvan Shankar Raja,
, ,,,,
2024,234,Game Changer (Tamil),Jaragandi,Thaman S,Also Tamil dialogues and screenplay along with S. Shankar
2024,235,Game Changer (Tamil),Raa Macha Macha,Thaman S,
, ,,,,
2024,236,Amaran,Uyirey,G.V. Prakash Kumar,
2024,237,Bloody Beggar,Ponmayame,Jen Martin,Co-wrote lyrics with Vishnu Edavan
2024,238,Kadhalikka Neramillai,Yennai Izhukkuthadi,A. R. Rahman,
, ,,,,
2025,239,Nilavuku En Mel Ennadi Kobam,Yedi,G.V. Prakash Kumar,
2025,240,Nilavuku En Mel Ennadi Kobam,Veera Dheera Sooran,G.V. Prakash Kumar,
2025,241,Nilavuku En Mel Ennadi Kobam,Kalloorum,G.V. Prakash Kumar,
2025,242,Nilavuku En Mel Ennadi Kobam,Aaathi Adi Aaathi,G.V. Prakash Kumar,
2025,243,Nilavuku En Mel Ennadi Kobam,Ayla Allela,G.V. Prakash Kumar,
, ,,,,
2025,244,Retro,Kannadi Poove,Santhosh Narayanan,
2025,245,Retro,Kanimaa,Santhosh Narayanan,
2025,246,Retro,The One,Santhosh Narayanan,
2025,247,Retro,Edharkaga Marubadi,Santhosh Narayanan,
, ,,,,
2025,248,Maaman,"All songs except ""Vizhuthe Thalavizhuthe""",Hesham Abdul Wahab,
2025,249,3BHK,Kaanalin Mele,Amrit Ramnath,
2025,250,Thanal,Kitta Nerungadha,Justin Prabhakaran,
2025,251,Dude,Nallaru Po,Sai Abhyankkar,
2025,252,Mark,Masth Malaika,B. Ajaneesh Loknath,Tamil version
, ,,,,
2026,253,Karuppu,Raathu Raasan,Sai Abhyankkar,
, ,,,,
2026,254,Jana Nayagan,Oru Pere Varalaaru,Anirudh Ravichander,
2026,255,Jana Nayagan,Chella Magale,Anirudh Ravichander,
2026,256,Jana Nayagan,Raavana Mavandaa,Anirudh Ravichander,
2026,257,Jana Nayagan,Uravu,Anirudh Ravichander,
2026,258,Jana Nayagan,Ulla Olicha Uyire,Anirudh Ravichander,
, ,,,,
2026,259,Peddi,Chikiri Chikiri,A. R. Rahman,Tamil version
2026,260,Peddi,Rai Rai Raa Raa,A. R. Rahman,
,,,,,
,,,,,
,,Music Video,Artist,,
2024,261,TVK FLAG ANTHEM,Arivu,,
2025,262,Sithira Puthiri,Sai Abhyankkar,,
2026,263,Pavazha Malli,Sai Abhyankkar,,
2026,264,TVK Unga Vijay Song,,,
2026,265,TVK Election Song - Kadaisi Nambikkai,Thaman,,
,,,,,
,,,,,
,,,353,,