Year,படம்,பாடல்,இசையமைப்பாளர்,Note
2015,எனக்குள் ஒருவன்,பூ அவிழும் பொழுதில்,சந்தோஷ் நாராயணன்,Best Lyrics Writer - 2nd Behindwoods Gold Medals 2015
2015,எனக்குள் ஒருவன்,Yaar En Manama,சந்தோஷ் நாராயணன்,
,,,,
2015,36 வயதினிலே,Vaadi Raasathi,,Best Lyricist of the year - Mirchi Music Awards South 2015
2015,36 வயதினிலே,Pogiren,,
2015,36 வயதினிலே,Happy,,
,,,,
2015,இன்று நேற்று நாளை,Kadhale Kadhale,ஹிப்ஹாப் தமிழா,
,,,,
2015,மதுர நரங்கா,Kan Kangalil,ஸ்ரீஜித் சச்சின்,
2015,மதுர நரங்கா,Neer Alaigalil,ஸ்ரீஜித் சச்சின்,
2015,மதுர நரங்கா,Eee Kootil (Nee Vaanam),ஸ்ரீஜித் சச்சின்,
,,,,
2016,இறுதி சுற்று,Hey Sandakaara,சந்தோஷ் நாராயணன்,
2016,இறுதி சுற்று,Vaangaji Warning,சந்தோஷ் நாராயணன்,
2016,இறுதி சுற்று,Usuru Narambula,சந்தோஷ் நாராயணன்,
2016,இறுதி சுற்று,Kaalathi Miratti,சந்தோஷ் நாராயணன்,
2016,இறுதி சுற்று,Poda Poda,சந்தோஷ் நாராயணன்,
,,,,
2016,இறைவி,Ghost Bottle,,
2016,இறைவி,Kalavara Kangal,,
2016,இறைவி,Manidhi,,
2016,இறைவி,Kaatril,,
2016,இறைவி,Thodaamal,,
,,,,
2016,144,Kenatha Kaanam,Sean Roldan,
2016,144,Aagaa,Sean Roldan,
,,,,
2016,அரண்மனை 2,Maya Maya,ஹிப்ஹாப் தமிழா,
,,,,
2016,ஜில் ஜங் ஜக்,Shoot The Kuruvi,விஷால் சந்திரசேகர்,
2016,ஜில் ஜங் ஜக்,Cassenova,விஷால் சந்திரசேகர்,
2016,ஜில் ஜங் ஜக்,Domaru Lord,விஷால் சந்திரசேகர்,
2016,ஜில் ஜங் ஜக்,Milano Kedi,விஷால் சந்திரசேகர்,
,,,,
2016,உனக்குள் நான்,Athiran Nadaiyil,டோனி பிரிட்டோ,
2016,Ka Ka Ka,Aabathin Arikuri: Sila Sil Sila,Amrith,
2016,Oru Naal Koothu,Adiye Azhagu,Justin Prabhakaran,
2016,Maalai Nerathu Mayakkam,Ennodu Irupuram,Amrith,
,,,,
2016,Manithan,Azhagazhaga,சந்தோஷ் நாராயணன்,
2016,Manithan,Poi Vazhva,சந்தோஷ் நாராயணன்,
2016,Manithan,Kaaychal,சந்தோஷ் நாராயணன்,
,,,,
2016,Pokkiri Raja,Athuvitta Athuvitta,D. Imman,
2016,Pokkiri Raja,Bubbly Bubbly,D. Imman,
2016,Pokkiri Raja,Rain Rain,D. Imman,
2016,Pokkiri Raja,Athuvitta Remix,D. Imman,
,,,,
2016,Kabali,Thalaivar Athiradi Rap,சந்தோஷ் நாராயணன்,
2016,Merku Thodarchi Malai,Merku Mak,இளையராஜா,
,,,,
2016,Kadhalum Kadandhu Pogum,Paravai Paranduchu,சந்தோஷ் நாராயணன்,
2016,Kadhalum Kadandhu Pogum,Bongu Kitchan,சந்தோஷ் நாராயணன்,
,,,,
2016,Sei,Machaney,Nithin Lopez,
2016,Dhuruvangal Pathinaaru,Uthira Kaayangal,Jakes Bejoy,
2016,Meow,Oru Cute Littile Ponnu,Sreejith Edarana,
2016,Ulkuthu,Pesayum Esaya,Justin Prabhakaran,
2016,Remo,Meesa Beauty,அனிருத் ரவிச்சந்தர்,
,,,,
2016,Aandavan Kattalai,Polambing,K,
2016,Aandavan Kattalai,Imsai Raani,K,
2016,Aandavan Kattalai,Vaazhkai Oru Ottagam,K,
,,,,
2016,Kodi,Ei Suzhali,சந்தோஷ் நாராயணன்,
2016,Kodi,Sirukki Vaasam,சந்தோஷ் நாராயணன்,
2016,Kodi,Vettu Pottu,சந்தோஷ் நாராயணன்,
2016,Kodi,Ariraro,சந்தோஷ் நாராயணன்,
,,,,
2016,Rum,Peiyophobilia,அனிருத் ரவிச்சந்தர்,
2016,Rum,Kadavulae Vidai,அனிருத் ரவிச்சந்தர்,
2016,Rum,Kadavulae Vidai (Reprise),அனிருத் ரவிச்சந்தர்,
2016,Rum,Pori Pathi Vizhum,அனிருத் ரவிச்சந்தர்,
2016,Rum,Alladhe Siragiye,அனிருத் ரவிச்சந்தர்,
,,,,
2017,Sathriyan,Sooda Oru Sooriyan,யுவன் சங்கர் ராஜா,
,,,,
2017,Ivan Thanthiran,Ivan Ivan thanthiran,தமன் எஸ்,
2017,Ivan Thanthiran,Medhakavitta Medhakavitta,தமன் எஸ்,
,,,,
2017,மெர்சல்,Aalaporaan Thamizhan,ஏ. ஆர். ரஹ்மான்,Best Lyricist - 7th South Indian International Movie Awards 2018
2017,மெர்சல்,Neethanae,ஏ. ஆர். ரஹ்மான்,
2017,மெர்சல்,Mersal Arasan,ஏ. ஆர். ரஹ்மான்,
2017,மெர்சல்,Maacho,ஏ. ஆர். ரஹ்மான்,
2017,மெர்சல்,Maayon,ஏ. ஆர். ரஹ்மான்,
,,,,
2017,Velaikkaran,Vaa Velikkara,அனிருத் ரவிச்சந்தர்,
,,,,
2017,Meyaadha Maan,Thangachi Song,சந்தோஷ் நாராயணன்,
2017,Meyaadha Maan,Address Song,சந்தோஷ் நாராயணன்,
2017,Meyaadha Maan,Rathina Katti,சந்தோஷ் நாராயணன்,
2017,Meyaadha Maan,Megamo Aval,சந்தோஷ் நாராயணன்,
,,,,
2017,Theeran Adhigaaram Ondru,Theeran Da,ஜிப்ரான்,
,,,,
2018,Sketch,Cheeni Chillaallee,தமன் எஸ்,
2018,Sketch,Dhaadikaara,தமன் எஸ்,
,,,,
2018,Bhaagamathie,Mandhaara,,
,,,,
2018,சர்கார்,Simtaangaran,ஏ. ஆர். ரஹ்மான்,
2018,சர்கார்,Oruviral Puratchi,ஏ. ஆர். ரஹ்மான்,
2018,சர்கார்,OMG Ponnu,ஏ. ஆர். ரஹ்மான்,
2018,சர்கார்,CEO In The House,ஏ. ஆர். ரஹ்மான்,
2018,சர்கார்,TopTucker,ஏ. ஆர். ரஹ்மான்,
,,,,
2018,இரும்பு திரை,Azhagae,யுவன் சங்கர் ராஜா,
2018,இரும்பு திரை,Athiradi,யுவன் சங்கர் ராஜா,
2018,இரும்பு திரை,Mudhal Mazhai,யுவன் சங்கர் ராஜா,
,,,,
2018,Kolamavu Kokila,Edhuvaraiyo,அனிருத் ரவிச்சந்தர்,
2018,ப்யார் ப்ரேமா காதல்,Hold Me Now,யுவன் சங்கர் ராஜா,
2018,60 Vayadu Maaniram,Naalum Naalum,Ilaiyaraaja,
,,,,
2018,Pariyerum Perumal,Karuppi,சந்தோஷ் நாராயணன்,
2018,Pariyerum Perumal,Potta Kaatil Poovasam,சந்தோஷ் நாராயணன்,
2018,Pariyerum Perumal,Vaa Rayil Vida Polaama,சந்தோஷ் நாராயணன்,
,,,,
2018,Kaali,Arumbey Arumbey,விஜய் ஆண்டனி ,
,,,,
2018,Vada Chennai,Ennadi Maayavi Nee,சந்தோஷ் நாராயணன்,
2018,Vada Chennai,Kaarkuzhal Kadavaiye,சந்தோஷ் நாராயணன்,
,,,,
2019,Petta,Marana Mass,அனிருத் ரவிச்சந்தர்,
2019,Petta,Ullaallaa,அனிருத் ரவிச்சந்தர்,
2019,Petta,Petta Paraak,அனிருத் ரவிச்சந்தர்,
,,,,
2019,Dev,Dai Machan Dev,Harris Jayaraj,
,,,,
2019,Boomerang,Mughaiyazhi,Radhan,
2019,Boomerang,Desame,Radhan,
2019,Boomerang,Mughaiyazhi (Instrumental Version),Radhan,
,,,,
2019,Devarattam,Pasampukalli,Nivas K. Prasanna,
2019,Devarattam,Lesa Lesa,Nivas K. Prasanna,
,,,,
2019,Oththa Seruppu Size 7,Kulirudha Pulla,சந்தோஷ் நாராயணன்,
2019,Jackpot,Shero Shero,விஷால் சந்திரசேகர்,
2019,Ayogya,Kanne Kanne,சாம் சி.எஸ்.,
2019,Sindhubaadh,Nenja Unakaga,யுவன் சங்கர் ராஜா,
,,,,
2019,பிகில்,Singappenney,ஏ. ஆர். ரஹ்மான்,Best Lyrics Writer - South Indian International Movie Awards 2021
2019,பிகில்,Verithanam,ஏ. ஆர். ரஹ்மான்,
2019,பிகில்,Unakaga,ஏ. ஆர். ரஹ்மான்,
2019,பிகில்,Maathare,ஏ. ஆர். ரஹ்மான்,
2019,பிகில்,Kaalame,ஏ. ஆர். ரஹ்மான்,
2019,பிகில்,Idhurkuthaan,ஏ. ஆர். ரஹ்மான்,
,,,,
2019,Frozen 2 (Tamil),Vaadai Serum,Robert Lopez Kristen Anderson-Lopez,
2019,Frozen 2 (Tamil),Siladhu,Robert Lopez Kristen Anderson-Lopez,
2019,Frozen 2 (Tamil),Izhukkum Maayoll,Robert Lopez Kristen Anderson-Lopez,
2019,Frozen 2 (Tamil),Nadu Kattukkul Naan,Robert Lopez Kristen Anderson-Lopez,
2019,Frozen 2 (Tamil),Thondru Nee,Robert Lopez Kristen Anderson-Lopez,
2019,Frozen 2 (Tamil),Naatkal Oda,Robert Lopez Kristen Anderson-Lopez,
2019,Frozen 2 (Tamil),Seiven Sariyanathai,Robert Lopez Kristen Anderson-Lopez,
,,,,
2019,Adithya Varma,Yaarumillaa,Radhan,
2019,Thambi,Thalattu Naal,Govind Vasantha,
,,,,
2020,தர்பார்,Chumma Kizhi,அனிருத் ரவிச்சந்தர்,
2020,தர்பார்,Tharam Maara Single,அனிருத் ரவிச்சந்தர்,
2020,தர்பார்,Dumm Dumm,அனிருத் ரவிச்சந்தர்,
,,,,
2020,பட்டாஸ்,Morattu Tamizhan,Vivek-Mervin,
2020,பட்டாஸ்,Jigidi Killadi,Vivek-Mervin,
,,,,
2020,Soorarai Pottru,Veyyon Silli,ஜி. வி. ப்ரகாஷ் குமார்,
,,,,
2020,பொன்மகள் வந்தாள்,Vaa Chellam,Govind Vasantha,
2020,பொன்மகள் வந்தாள்,Pookalin Porvai,Govind Vasantha,
,,,,
2020,பெங்குயின்,Kolame,சந்தோஷ் நாராயணன்,
2020,பெங்குயின்,Omale (Malayalam),சந்தோஷ் நாராயணன்,
,,,,
2020,Jagame Thandhiram,Rakita Rakita Rakita,,
2020,Jagame Thandhiram,Bujji,,
2020,Jagame Thandhiram,Aala Ola,,
,,,,
2020,99 Songs,Oor Aayiram Vaanavil,ஏ. ஆர். ரஹ்மான்,
2020,99 Songs,Naalai Naalai,ஏ. ஆர். ரஹ்மான்,
,,,,
2020,Vasantha Mullai,Avalo Avalo,Rajesh Murugesan,
2020,Sabhaapathy,Mayakkathe Maya Kanna,சாம் சி.எஸ்.,
,,,,
2021,Annabelle Sethupathi,Anange,Krishna Kishore,
2021,Annabelle Sethupathi,Anange(Reprise),Krishna Kishore,
,,,,
2021,Oh Manapenne!,Bodhai Kaname,விஷால் சந்திரசேகர்,
2021,Enemy,Tum Tum,தமன் எஸ்,
2021,Galatta Kalyanam,Sooraavali Ponnu,ஏ. ஆர். ரஹ்மான்,
2021,Anbarivu,Arakkiyae,ஹிப்ஹாப் தமிழா,
,,,,
2022,Naai Sekar,Lol Lol Arasan,Ajesh,
,,,,
2022,மாறன்,Polladha Ulagam,ஜி. வி. ப்ரகாஷ் குமார்,Also Screenplay writer
2022,மாறன்,Annana Thaalaattum,ஜி. வி. ப்ரகாஷ் குமார்,
,,,,
2022,மகான்,Evanda Enakku Custody,சந்தோஷ் நாராயணன்,
2022,மகான்,Missing Me,சந்தோஷ் நாராயணன்,
2022,மகான்,Naan Naan,சந்தோஷ் நாராயணன்,
2022,மகான்,Umm Song,சந்தோஷ் நாராயணன்,
,,,,
2022,வீரமே வாகை சூடும்,Thithikkirathe Kangal,யுவன் சங்கர் ராஜா,
2022,பீஸ்ட்,Beast Mode,Anirudh Ravichander,
2022,Ranga,Mathapoo,Ramjeevan,
2022,Ayngaran,Thithipa,G. Vignesh,
,,,,
2022,Andhagan,En Kadhal,சந்தோஷ் நாராயணன்,
2022,Andhagan,Yosichi Yosichi,சந்தோஷ் நாராயணன்,
,,,,
2022,டான்,Unnai Vidaadhe,அனிருத் ரவிச்சந்தர்,
2022,டான்,Mudhal Naayagan,அனிருத் ரவிச்சந்தர்,
,,,,
2022,பெஸ்டி,Unnai Pola,J. V.,
2022,Anel Meley Pani Thuli,Mittai Mittai,சந்தோஷ் நாராயணன்,
2022,Paper Rocket,Kaalai Maalai,Dharan Kumar,
2022,Gulu Gulu,Anbarey,சந்தோஷ் நாராயணன்,
2022,திருச்சிற்றம்பலம்,Life of Pazham,அனிருத் ரவிச்சந்தர்,
2022,Paramporul,Sippara Rippara,யுவன் சங்கர் ராஜா,
2022,Cobra,Thumbi Thullal,ஏ. ஆர். ரஹ்மான்,
2022,Prince,Bimbiliki Pilaapi,தமன் எஸ்,
2022,Singappenney,Ezhundhu Vaa,Kumaran Sivamani,
2022,Naane Varuvean,Yaarum Illa,யுவன் சங்கர் ராஜா,
2022,Naai Sekar Returns,Panakkaran,சந்தோஷ் நாராயணன்,
2022,Gatta Kusthi,Chal Chakka,Justin Prabhakaran,
2022,Sanda Veerachi,Medha Medhappa,யுவன் சங்கர் ராஜா,Best Lyricist - 14th Ananda Vikatan Cinema Awards 2022
,,,,
2022,வாரிசு,Ranjithame,தமன் எஸ்,"Also Dialogues, Additional Screenplay"
2022,வாரிசு,Thee Thalapathy,தமன் எஸ்,
2022,வாரிசு,Soul Of Varisu,தமன் எஸ்,
2022,வாரிசு,Jimikki Ponnu,தமன் எஸ்,
2022,வாரிசு,Vaa Thalaivaa,தமன் எஸ்,
,,,,
2023,Kick,Pathu Murai,Arjun Janya,
,,,,
2023,Dasara,Dhoom Dhaam Dhosthu,சந்தோஷ் நாராயணன்,
2023,Dasara,Theekari,சந்தோஷ் நாராயணன்,
,,,,
2023,Theerkadarishi,Miss You,G. Balasubramanian,
2023,Agilan,Dhrogam,சாம் சி.எஸ்.,
,,,,
2023,Pathu Thala,Namma Satham,ஏ. ஆர். ரஹ்மான்,
2023,Pathu Thala,Nee Singamdhan,ஏ. ஆர். ரஹ்மான்,
,,,,
2023,Veeran,Thunderkaaran,ஹிப்ஹாப் தமிழா,
2023,Regina,Naam Ulaavum Oadai,Sathish Nair,
,,,,
2023,ஜவான்,Vandha Edam,அனிருத் ரவிச்சந்தர்,
2023,ஜவான்,Hayyoda,அனிருத் ரவிச்சந்தர்,
2023,ஜவான்,Not Ramaiya Vastavaiya,அனிருத் ரவிச்சந்தர்,
2023,ஜவான்,Aararaari Raaro,அனிருத் ரவிச்சந்தர்,
2023,ஜவான்,Pattasa,அனிருத் ரவிச்சந்தர்,
,,,,
2023,Iraivan,Azhagai,யுவன் சங்கர் ராஜா,
2023,Iraivan,Idhu Pola,யுவன் சங்கர் ராஜா,
2023,Iraivan,Shades of Love,யுவன் சங்கர் ராஜா,
2023,Iraivan,Nanbha,யுவன் சங்கர் ராஜா,
2023,Iraivan,Fear Beat,யுவன் சங்கர் ராஜா,
,,,,
2023,Chithha,Unakku Thaan,சந்தோஷ் நாராயணன்,
2023,சந்திரமுகி 2,Moruniye,M. M. Keeravani,
,,,,
2023,Miss Shetty Mr Polishetty (Tamil),No No No,Radhan,
2023,Miss Shetty Mr Polishetty (Tamil),Lady Luck,Radhan,
2023,Miss Shetty Mr Polishetty (Tamil),Aaradho,Radhan,
2023,Miss Shetty Mr Polishetty (Tamil),Yaadho Dhisai,Radhan,
,,,,
2023,Jigarthanda DoubleX,Maamadura,சந்தோஷ் நாராயணன்,
2023,Jigarthanda DoubleX,Oyyaram,சந்தோஷ் நாராயணன்,
,,,,
2023,Annapoorani: The Goddess of Food,Ulagai Vella Pogiraal,தமன் எஸ்,
2023,Annapoorani: The Goddess of Food,Life Is On (Version 1 - Veg),தமன் எஸ்,
2023,Annapoorani: The Goddess of Food,Life Is On (Version 2 - Non-Veg),தமன் எஸ்,
2023,Annapoorani: The Goddess of Food,Ivalo Ivalo,தமன் எஸ்,
2023,Annapoorani: The Goddess of Food,Aduppil Pogai Aagum,தமன் எஸ்,
,,,,
2023,Lal Salaam,Ther Thiruvizha,ஏ. ஆர். ரஹ்மான்,
,,,,
2023,Saindhav (Tamil),Vennaa Penne,சந்தோஷ் நாராயணன்,
2023,Saindhav (Tamil),Poraname,சந்தோஷ் நாராயணன்,
,,,,
2023,Hi Nanna (Tamil),Amizhdhe Nee,ஹெஷாம் அப்துல் வஹாப்,
2023,Hi Nanna (Tamil),Odiyamma,ஹெஷாம் அப்துல் வஹாப்,
2023,Hi Nanna (Tamil),Nee Maaya Nizhal,ஹெஷாம் அப்துல் வஹாப்,
2023,Hi Nanna (Tamil),Vaazhvin Doorame,ஹெஷாம் அப்துல் வஹாப்,
,,,,
2024,Captain Miller,Kombari Vettapuli,ஜி. வி. ப்ரகாஷ் குமார்,
,,,,
2024,அயலான்,Vera Level Sago,ஏ. ஆர். ரஹ்மான்,
2024,அயலான்,Ayalaa Ayalaa,ஏ. ஆர். ரஹ்மான்,
,,,,
2024,ஜோஷுவா,Imai Pol Kaakha: Tappasu Neram,Karthik,
2024,Ranam Aram Thavarel,Achu Pennae,Arroll Corelli,
,,,,
2024,The Family star (Tamil),Nandanadana,Gopi Sundar,
2024,The Family star (Tamil),Kalyaanam Satham Satham,Gopi Sundar,
,,,,
2024,J Baby,Idha Thane Ethir Paathen,சந்தோஷ் நாராயணன்,
2024,J Baby,Yaar Padalai,சந்தோஷ் நாராயணன்,
2024,J Baby,Idha Thane (Reprise),சந்தோஷ் நாராயணன்,
,,,,
2024,கல்கி 2898 AD,Bhairava Anthem,சந்தோஷ் நாராயணன்,
2024,கல்கி 2898 AD,Theme of Kalki,சந்தோஷ் நாராயணன்,
2024,கல்கி 2898 AD,Hope of Shambala,சந்தோஷ் நாராயணன்,
2024,கல்கி 2898 AD,Ta Takkara (Complex Song),சந்தோஷ் நாராயணன்,
2024,கல்கி 2898 AD,Keshava Madhava (Wait of Ashwatthama),சந்தோஷ் நாராயணன்,
,,,,
2024,ஈ.எம்.ஐ.,Poonaikku,Srinath Pitchai,
2024,வாழை,Otha Satti Soru,சந்தோஷ் நாராயணன்,
2024,தி கிரேடெஸ்ட் ஆப் ஆல் டைம்,Matta,யுவன் சங்கர் ராஜா,
,,,,
2024,கேம் சேஞ்சர்,Jaragandi,தமன் எஸ்,Also Tamil dialogues and screenplay along with S. Shankar
2024,கேம் சேஞ்சர்,Raa Macha Macha,தமன் எஸ்,
,,,,
2024,அமரன்,Uyirey,ஜி. வி. ப்ரகாஷ் குமார்,
2024,Bloody Beggar,Ponmayame,Jen Martin,Co-wrote lyrics with Vishnu Edavan
2024,Kadhalikka Neramillai,Yennai Izhukkuthadi,ஏ. ஆர். ரஹ்மான்,
,,,,
2025,நிலவுக்கு என் மேல் என்னடி கோபம்,Yedi,ஜி. வி. ப்ரகாஷ் குமார்,
2025,நிலவுக்கு என் மேல் என்னடி கோபம்,Veera Dheera Sooran,ஜி. வி. ப்ரகாஷ் குமார்,
2025,நிலவுக்கு என் மேல் என்னடி கோபம்,Kalloorum,ஜி. வி. ப்ரகாஷ் குமார்,
2025,நிலவுக்கு என் மேல் என்னடி கோபம்,Aaathi Adi Aaathi,ஜி. வி. ப்ரகாஷ் குமார்,
2025,நிலவுக்கு என் மேல் என்னடி கோபம்,Ayla Allela,ஜி. வி. ப்ரகாஷ் குமார்,
,,,,
2025,ரெட்ரோ,கண்ணாடி பூவே,சந்தோஷ் நாராயணன்,
2025,ரெட்ரோ,கணிமா,சந்தோஷ் நாராயணன்,
2025,ரெட்ரோ,தி வன்,சந்தோஷ் நாராயணன்,
2025,ரெட்ரோ,Edharkaga Marubadi,சந்தோஷ் நாராயணன்,
,,,,
2025,மாமன்,"All songs except ""Vizhuthe Thalavizhuthe""",ஹெஷாம் அப்துல் வஹாப்,
2025,3 பி.எச்.கே,Kaanalin Mele,Amrit Ramnath,
2025,தனல்,Kitta Nerungadha,ஜஸ்டின் ப்ரபாகரன்,
2025,டியூட்,Nallaru Po,சாய் அப்யங்கர்,
2025,மார்க்,Masth Malaika,B. Ajaneesh Loknath,Tamil version
,,,,
2026,கருப்பு,Raathu Raasan,சாய் அப்யங்கர்,
,,,,
2026,ஜன நாயகன்,Oru Pere Varalaaru,அனிருத் ரவிச்சந்தர்,
2026,ஜன நாயகன்,Chella Magale,அனிருத் ரவிச்சந்தர்,
2026,ஜன நாயகன்,Raavana Mavandaa,அனிருத் ரவிச்சந்தர்,
2026,ஜன நாயகன்,,அனிருத் ரவிச்சந்தர்,
2026,ஜன நாயகன்,,அனிருத் ரவிச்சந்தர்,
,,,,
2026,பெட்டி,Chikiri Chikiri,ஏ. ஆர். ரஹ்மான்,Tamil version
2026,பெட்டி,Rai Rai Raa Raa,ஏ. ஆர். ரஹ்மான்,
,,,,
,,,,
,Music Video,,Artist,
2024,TVK FLAG ANTHEM,,Arivu,
2025,Sithira Puthiri,,Sai Abhyankkar,
2026,Pavazha Malli,,Sai Abhyankkar,
2026,TVK Election Song - Kadaisi Nambikkai,,Thaman,